employeeNumber,lastName,firstName,extension,email,officeCode,jobTitle
1,Jones,David,EXT733,David.Jones@company.com,967,Accountant
2,Williams,William,EXT806,William.Williams@company.com,65,HR Coordinator
3,Davis,Robert,EXT211,Robert.Davis@company.com,276,Sales Manager
4,Johnson,William,EXT200,William.Johnson@company.com,271,Marketing Specialist
5,Williams,James,EXT570,James.Williams@company.com,961,Engineer
6,Johnson,William,EXT394,William.Johnson@company.com,96,HR Coordinator
7,Davis,John,EXT096,John.Davis@company.com,632,Accountant
8,Jones,Robert,EXT106,Robert.Jones@company.com,942,Engineer
9,Williams,Robert,EXT664,Robert.Williams@company.com,267,Sales Manager
10,Williams,William,EXT896,William.Williams@company.com,173,Engineer
11,Brown,William,EXT678,William.Brown@company.com,163,HR Coordinator
12,Johnson,Robert,EXT225,Robert.Johnson@company.com,700,Marketing Specialist
13,Brown,Robert,EXT442,Robert.Brown@company.com,190,HR Coordinator
14,Brown,James,EXT860,James.Brown@company.com,802,Sales Manager
15,Davis,Robert,EXT356,Robert.Davis@company.com,11,Accountant
16,Davis,William,EXT237,William.Davis@company.com,725,Marketing Specialist
17,Johnson,Michael,EXT968,Michael.Johnson@company.com,120,HR Coordinator
18,Davis,James,EXT315,James.Davis@company.com,330,HR Coordinator
19,Williams,Robert,EXT568,Robert.Williams@company.com,553,Marketing Specialist
20,Jones,John,EXT156,John.Jones@company.com,819,Engineer
21,Williams,David,EXT097,David.Williams@company.com,863,Sales Manager
22,Brown,Michael,EXT256,Michael.Brown@company.com,737,Marketing Specialist
23,Davis,Robert,EXT346,Robert.Davis@company.com,796,Accountant
24,Davis,Robert,EXT893,Robert.Davis@company.com,857,Engineer
25,Davis,James,EXT187,James.Davis@company.com,491,HR Coordinator
26,Jones,David,EXT315,David.Jones@company.com,831,HR Coordinator
27,Williams,James,EXT501,James.Williams@company.com,952,Engineer
28,Jones,Robert,EXT765,Robert.Jones@company.com,300,Accountant
29,Davis,John,EXT594,John.Davis@company.com,23,Sales Manager
30,Johnson,James,EXT511,James.Johnson@company.com,932,Marketing Specialist
31,Jones,David,EXT716,David.Jones@company.com,590,Marketing Specialist
32,Jones,David,EXT692,David.Jones@company.com,484,Accountant
33,Davis,James,EXT902,James.Davis@company.com,162,Engineer
34,Williams,Robert,EXT113,Robert.Williams@company.com,413,HR Coordinator
35,Davis,David,EXT026,David.Davis@company.com,382,Sales Manager
36,Johnson,Michael,EXT618,Michael.Johnson@company.com,499,Engineer
37,Davis,Michael,EXT378,Michael.Davis@company.com,121,Marketing Specialist
38,Williams,Robert,EXT035,Robert.Williams@company.com,881,Sales Manager
39,Williams,James,EXT073,James.Williams@company.com,710,Marketing Specialist
40,Brown,David,EXT107,David.Brown@company.com,169,Accountant
41,Smith,Robert,EXT973,Robert.Smith@company.com,566,Engineer
42,Brown,Robert,EXT699,Robert.Brown@company.com,317,HR Coordinator
43,Davis,John,EXT862,John.Davis@company.com,23,Engineer
44,Johnson,Michael,EXT557,Michael.Johnson@company.com,141,Sales Manager
45,Davis,James,EXT112,James.Davis@company.com,222,Engineer
46,Brown,Michael,EXT676,Michael.Brown@company.com,963,Sales Manager
47,Johnson,David,EXT717,David.Johnson@company.com,192,Engineer
48,Williams,Robert,EXT419,Robert.Williams@company.com,748,HR Coordinator
49,Johnson,Michael,EXT189,Michael.Johnson@company.com,482,Accountant
50,Williams,Michael,EXT530,Michael.Williams@company.com,482,Marketing Specialist
51,Jones,James,EXT890,James.Jones@company.com,706,Accountant
52,Williams,William,EXT750,William.Williams@company.com,498,Marketing Specialist
53,Brown,Michael,EXT207,Michael.Brown@company.com,488,Accountant
54,Jones,David,EXT447,David.Jones@company.com,724,Engineer
55,Williams,James,EXT777,James.Williams@company.com,172,Engineer
56,Johnson,John,EXT672,John.Johnson@company.com,823,Marketing Specialist
57,Jones,James,EXT650,James.Jones@company.com,719,Accountant
58,Jones,William,EXT070,William.Jones@company.com,493,Engineer
59,Jones,Robert,EXT012,Robert.Jones@company.com,500,HR Coordinator
60,Williams,James,EXT981,James.Williams@company.com,198,Marketing Specialist
61,Jones,James,EXT161,James.Jones@company.com,416,Accountant
62,Smith,James,EXT439,James.Smith@company.com,671,Marketing Specialist
63,Smith,David,EXT825,David.Smith@company.com,973,Engineer
64,Jones,John,EXT972,John.Jones@company.com,653,HR Coordinator
65,Smith,William,EXT057,William.Smith@company.com,270,Accountant
66,Jones,Robert,EXT115,Robert.Jones@company.com,297,Engineer
67,Smith,William,EXT798,William.Smith@company.com,226,Engineer
68,Smith,Robert,EXT453,Robert.Smith@company.com,20,Accountant
69,Jones,Robert,EXT344,Robert.Jones@company.com,569,Marketing Specialist
70,Williams,William,EXT609,William.Williams@company.com,608,Sales Manager
71,Brown,William,EXT234,William.Brown@company.com,380,Engineer
72,Smith,Robert,EXT717,Robert.Smith@company.com,504,Marketing Specialist
73,Jones,Michael,EXT708,Michael.Jones@company.com,457,Accountant
74,Brown,William,EXT812,William.Brown@company.com,141,HR Coordinator
75,Davis,David,EXT943,David.Davis@company.com,277,Engineer
76,Johnson,John,EXT452,John.Johnson@company.com,197,Accountant
77,Williams,Michael,EXT949,Michael.Williams@company.com,25,Engineer
78,Brown,Robert,EXT897,Robert.Brown@company.com,679,Engineer
79,Williams,James,EXT070,James.Williams@company.com,879,Accountant
80,Williams,Robert,EXT378,Robert.Williams@company.com,397,Marketing Specialist
81,Jones,David,EXT373,David.Jones@company.com,269,Engineer
82,Brown,Michael,EXT300,Michael.Brown@company.com,909,Accountant
83,Smith,Michael,EXT017,Michael.Smith@company.com,343,Accountant
84,Jones,James,EXT950,James.Jones@company.com,876,Engineer
85,Brown,John,EXT273,John.Brown@company.com,812,Sales Manager
86,Jones,James,EXT110,James.Jones@company.com,711,Marketing Specialist
87,Johnson,Michael,EXT236,Michael.Johnson@company.com,979,Accountant
88,Jones,John,EXT654,John.Jones@company.com,709,Sales Manager
89,Jones,John,EXT794,John.Jones@company.com,922,Engineer
90,Williams,David,EXT488,David.Williams@company.com,822,Sales Manager
91,Davis,Robert,EXT403,Robert.Davis@company.com,302,Engineer
92,Williams,James,EXT721,James.Williams@company.com,389,Accountant
93,Williams,David,EXT312,David.Williams@company.com,545,HR Coordinator
94,Brown,David,EXT594,David.Brown@company.com,521,Accountant
95,Smith,William,EXT298,William.Smith@company.com,975,Accountant
96,Davis,John,EXT178,John.Davis@company.com,228,Sales Manager
97,Johnson,David,EXT707,David.Johnson@company.com,173,Accountant
98,Johnson,James,EXT174,James.Johnson@company.com,429,Accountant
99,Davis,John,EXT247,John.Davis@company.com,428,Marketing Specialist
100,Williams,John,EXT950,John.Williams@company.com,882,HR Coordinator
101,Jones,David,EXT553,David.Jones@company.com,385,Marketing Specialist
102,Brown,Michael,EXT730,Michael.Brown@company.com,480,Engineer
103,Davis,John,EXT395,John.Davis@company.com,558,Marketing Specialist
104,Johnson,William,EXT300,William.Johnson@company.com,848,Sales Manager
105,Smith,William,EXT720,William.Smith@company.com,743,Accountant
106,Williams,David,EXT058,David.Williams@company.com,465,Accountant
107,Jones,David,EXT148,David.Jones@company.com,497,Accountant
108,Williams,James,EXT867,James.Williams@company.com,203,Engineer
109,Brown,James,EXT857,James.Brown@company.com,453,HR Coordinator
110,Smith,Michael,EXT690,Michael.Smith@company.com,790,Engineer
111,Williams,David,EXT956,David.Williams@company.com,215,Accountant
112,Johnson,Robert,EXT609,Robert.Johnson@company.com,862,Marketing Specialist
113,Davis,James,EXT261,James.Davis@company.com,102,Engineer
114,Smith,William,EXT967,William.Smith@company.com,810,Engineer
115,Davis,William,EXT642,William.Davis@company.com,617,Engineer
116,Brown,William,EXT431,William.Brown@company.com,356,Accountant
117,Jones,William,EXT175,William.Jones@company.com,438,Accountant
118,Brown,Michael,EXT217,Michael.Brown@company.com,755,Sales Manager
119,Jones,John,EXT032,John.Jones@company.com,797,HR Coordinator
120,Williams,John,EXT051,John.Williams@company.com,128,Engineer
121,Williams,William,EXT740,William.Williams@company.com,473,HR Coordinator
122,Williams,William,EXT398,William.Williams@company.com,473,Accountant
123,Johnson,William,EXT387,William.Johnson@company.com,328,Engineer
124,Brown,John,EXT978,John.Brown@company.com,486,Engineer
125,Brown,James,EXT906,James.Brown@company.com,311,Accountant
126,Davis,William,EXT190,William.Davis@company.com,257,HR Coordinator
127,Davis,John,EXT620,John.Davis@company.com,2,Sales Manager
128,Brown,Robert,EXT091,Robert.Brown@company.com,44,Engineer
129,Williams,Robert,EXT997,Robert.Williams@company.com,946,HR Coordinator
130,Johnson,James,EXT109,James.Johnson@company.com,360,Accountant
131,Brown,William,EXT452,William.Brown@company.com,530,Accountant
132,Brown,Michael,EXT782,Michael.Brown@company.com,560,Marketing Specialist
133,Johnson,Michael,EXT136,Michael.Johnson@company.com,859,Marketing Specialist
134,Jones,David,EXT959,David.Jones@company.com,820,Sales Manager
135,Williams,John,EXT052,John.Williams@company.com,863,Sales Manager
136,Jones,William,EXT565,William.Jones@company.com,612,HR Coordinator
137,Brown,David,EXT955,David.Brown@company.com,283,Engineer
138,Jones,William,EXT027,William.Jones@company.com,494,Marketing Specialist
139,Johnson,Robert,EXT335,Robert.Johnson@company.com,591,HR Coordinator
140,Johnson,Michael,EXT801,Michael.Johnson@company.com,811,Accountant
141,Jones,James,EXT527,James.Jones@company.com,131,HR Coordinator
142,Williams,John,EXT789,John.Williams@company.com,803,Accountant
143,Williams,William,EXT128,William.Williams@company.com,559,Sales Manager
144,Williams,Robert,EXT556,Robert.Williams@company.com,912,Accountant
145,Williams,John,EXT877,John.Williams@company.com,763,Accountant
146,Smith,Michael,EXT129,Michael.Smith@company.com,222,Marketing Specialist
147,Williams,William,EXT600,William.Williams@company.com,781,Accountant
148,Williams,Michael,EXT669,Michael.Williams@company.com,54,Accountant
149,Smith,John,EXT025,John.Smith@company.com,542,Sales Manager
150,Johnson,James,EXT557,James.Johnson@company.com,188,Sales Manager
151,Williams,James,EXT413,James.Williams@company.com,122,HR Coordinator
152,Williams,James,EXT090,James.Williams@company.com,186,HR Coordinator
153,Johnson,Michael,EXT393,Michael.Johnson@company.com,5,HR Coordinator
154,Brown,John,EXT797,John.Brown@company.com,142,Engineer
155,Williams,David,EXT879,David.Williams@company.com,450,Sales Manager
156,Smith,James,EXT127,James.Smith@company.com,678,Sales Manager
157,Johnson,Robert,EXT124,Robert.Johnson@company.com,236,Accountant
158,Smith,David,EXT694,David.Smith@company.com,374,Marketing Specialist
159,Jones,Robert,EXT410,Robert.Jones@company.com,804,Sales Manager
160,Brown,John,EXT296,John.Brown@company.com,519,Engineer
161,Davis,James,EXT920,James.Davis@company.com,919,Engineer
162,Smith,William,EXT714,William.Smith@company.com,193,Engineer
163,Johnson,David,EXT150,David.Johnson@company.com,858,Accountant
164,Smith,Michael,EXT680,Michael.Smith@company.com,286,Engineer
165,Jones,Michael,EXT422,Michael.Jones@company.com,195,Marketing Specialist
166,Williams,Robert,EXT481,Robert.Williams@company.com,90,Sales Manager
167,Williams,Robert,EXT749,Robert.Williams@company.com,371,Accountant
168,Johnson,Michael,EXT587,Michael.Johnson@company.com,327,HR Coordinator
169,Williams,Robert,EXT694,Robert.Williams@company.com,145,Marketing Specialist
170,Williams,William,EXT231,William.Williams@company.com,404,HR Coordinator
171,Brown,John,EXT006,John.Brown@company.com,102,HR Coordinator
172,Jones,Michael,EXT524,Michael.Jones@company.com,144,Sales Manager
173,Smith,Robert,EXT068,Robert.Smith@company.com,980,HR Coordinator
174,Brown,Michael,EXT233,Michael.Brown@company.com,963,Marketing Specialist
175,Davis,John,EXT903,John.Davis@company.com,303,Engineer
176,Davis,James,EXT783,James.Davis@company.com,561,Marketing Specialist
177,Johnson,John,EXT859,John.Johnson@company.com,369,Sales Manager
178,Williams,Robert,EXT369,Robert.Williams@company.com,641,Sales Manager
179,Brown,Michael,EXT082,Michael.Brown@company.com,455,Engineer
180,Smith,David,EXT189,David.Smith@company.com,648,Engineer
181,Smith,John,EXT013,John.Smith@company.com,436,Marketing Specialist
182,Johnson,Michael,EXT859,Michael.Johnson@company.com,92,Marketing Specialist
183,Jones,David,EXT817,David.Jones@company.com,629,Engineer
184,Williams,William,EXT894,William.Williams@company.com,791,Marketing Specialist
185,Davis,John,EXT165,John.Davis@company.com,773,HR Coordinator
186,Williams,James,EXT090,James.Williams@company.com,73,Sales Manager
187,Jones,John,EXT786,John.Jones@company.com,298,Engineer
188,Williams,Robert,EXT501,Robert.Williams@company.com,549,Marketing Specialist
189,Williams,Michael,EXT781,Michael.Williams@company.com,204,Marketing Specialist
190,Johnson,John,EXT449,John.Johnson@company.com,158,Sales Manager
191,Smith,John,EXT103,John.Smith@company.com,221,Accountant
192,Brown,James,EXT984,James.Brown@company.com,414,Accountant
193,Brown,William,EXT967,William.Brown@company.com,882,Accountant
194,Jones,John,EXT131,John.Jones@company.com,920,Sales Manager
195,Jones,William,EXT470,William.Jones@company.com,187,HR Coordinator
196,Johnson,David,EXT666,David.Johnson@company.com,766,HR Coordinator
197,Brown,John,EXT027,John.Brown@company.com,606,Accountant
198,Johnson,John,EXT127,John.Johnson@company.com,550,Accountant
199,Johnson,Michael,EXT915,Michael.Johnson@company.com,389,HR Coordinator
200,Williams,Robert,EXT543,Robert.Williams@company.com,727,Marketing Specialist
201,Jones,William,EXT078,William.Jones@company.com,738,Sales Manager
202,Johnson,William,EXT573,William.Johnson@company.com,951,HR Coordinator
203,Jones,William,EXT288,William.Jones@company.com,631,Accountant
204,Smith,Michael,EXT522,Michael.Smith@company.com,814,Marketing Specialist
205,Davis,Robert,EXT300,Robert.Davis@company.com,43,Accountant
206,Jones,David,EXT348,David.Jones@company.com,592,HR Coordinator
207,Johnson,Michael,EXT725,Michael.Johnson@company.com,326,Marketing Specialist
208,Davis,William,EXT392,William.Davis@company.com,164,Accountant
209,Brown,Robert,EXT503,Robert.Brown@company.com,469,Engineer
210,Jones,James,EXT492,James.Jones@company.com,786,Sales Manager
211,Williams,James,EXT118,James.Williams@company.com,703,HR Coordinator
212,Smith,Robert,EXT089,Robert.Smith@company.com,969,Accountant
213,Williams,James,EXT659,James.Williams@company.com,158,HR Coordinator
214,Smith,John,EXT817,John.Smith@company.com,602,Engineer
215,Williams,John,EXT482,John.Williams@company.com,966,Accountant
216,Johnson,Michael,EXT951,Michael.Johnson@company.com,634,Marketing Specialist
217,Johnson,David,EXT768,David.Johnson@company.com,714,Sales Manager
218,Williams,William,EXT952,William.Williams@company.com,257,Sales Manager
219,Johnson,David,EXT078,David.Johnson@company.com,208,Accountant
220,Williams,Michael,EXT176,Michael.Williams@company.com,151,HR Coordinator
221,Davis,James,EXT441,James.Davis@company.com,563,Engineer
222,Brown,William,EXT520,William.Brown@company.com,499,Engineer
223,Williams,Robert,EXT294,Robert.Williams@company.com,276,Marketing Specialist
224,Johnson,Robert,EXT106,Robert.Johnson@company.com,593,Marketing Specialist
225,Brown,John,EXT744,John.Brown@company.com,332,Accountant
226,Davis,Robert,EXT000,Robert.Davis@company.com,76,Marketing Specialist
227,Jones,James,EXT135,James.Jones@company.com,447,Accountant
228,Johnson,Michael,EXT543,Michael.Johnson@company.com,229,Sales Manager
229,Davis,David,EXT216,David.Davis@company.com,286,Marketing Specialist
230,Johnson,Michael,EXT495,Michael.Johnson@company.com,107,HR Coordinator
231,Brown,David,EXT252,David.Brown@company.com,606,Marketing Specialist
232,Smith,William,EXT603,William.Smith@company.com,278,HR Coordinator
233,Johnson,Michael,EXT086,Michael.Johnson@company.com,689,Engineer
234,Jones,Michael,EXT196,Michael.Jones@company.com,581,Sales Manager
235,Brown,David,EXT167,David.Brown@company.com,112,Sales Manager
236,Williams,Robert,EXT155,Robert.Williams@company.com,721,HR Coordinator
237,Jones,David,EXT218,David.Jones@company.com,755,HR Coordinator
238,Johnson,David,EXT166,David.Johnson@company.com,581,Sales Manager
239,Brown,Robert,EXT424,Robert.Brown@company.com,855,Accountant
240,Davis,Michael,EXT750,Michael.Davis@company.com,543,Sales Manager
241,Brown,David,EXT442,David.Brown@company.com,519,Sales Manager
242,Williams,John,EXT152,John.Williams@company.com,460,Marketing Specialist
243,Jones,Michael,EXT695,Michael.Jones@company.com,656,Accountant
244,Williams,John,EXT623,John.Williams@company.com,115,Engineer
245,Smith,James,EXT248,James.Smith@company.com,642,HR Coordinator
246,Davis,Robert,EXT554,Robert.Davis@company.com,985,Marketing Specialist
247,Brown,James,EXT895,James.Brown@company.com,828,Engineer
248,Smith,Robert,EXT319,Robert.Smith@company.com,744,Engineer
249,Smith,John,EXT504,John.Smith@company.com,25,Sales Manager
250,Johnson,James,EXT063,James.Johnson@company.com,396,Accountant
251,Johnson,Michael,EXT776,Michael.Johnson@company.com,885,Accountant
252,Smith,John,EXT219,John.Smith@company.com,834,Accountant
253,Williams,Michael,EXT892,Michael.Williams@company.com,174,Accountant
254,Smith,James,EXT239,James.Smith@company.com,925,Engineer
255,Davis,David,EXT391,David.Davis@company.com,357,Engineer
256,Williams,Michael,EXT754,Michael.Williams@company.com,510,Accountant
257,Williams,David,EXT027,David.Williams@company.com,368,Engineer
258,Jones,William,EXT277,William.Jones@company.com,813,Sales Manager
259,Williams,Robert,EXT907,Robert.Williams@company.com,440,Marketing Specialist
260,Brown,Michael,EXT604,Michael.Brown@company.com,599,Accountant
261,Johnson,James,EXT549,James.Johnson@company.com,982,Accountant
262,Brown,David,EXT692,David.Brown@company.com,402,Engineer
263,Brown,James,EXT572,James.Brown@company.com,215,Engineer
264,Smith,David,EXT020,David.Smith@company.com,869,HR Coordinator
265,Johnson,Robert,EXT526,Robert.Johnson@company.com,101,Marketing Specialist
266,Davis,Robert,EXT641,Robert.Davis@company.com,462,HR Coordinator
267,Smith,Robert,EXT807,Robert.Smith@company.com,566,Marketing Specialist
268,Brown,James,EXT026,James.Brown@company.com,833,Accountant
269,Williams,James,EXT568,James.Williams@company.com,722,Marketing Specialist
270,Davis,Robert,EXT414,Robert.Davis@company.com,720,Sales Manager
271,Davis,Michael,EXT770,Michael.Davis@company.com,872,Accountant
272,Smith,Robert,EXT474,Robert.Smith@company.com,58,HR Coordinator
273,Johnson,William,EXT942,William.Johnson@company.com,110,Engineer
274,Smith,Robert,EXT871,Robert.Smith@company.com,968,Engineer
275,Johnson,Michael,EXT206,Michael.Johnson@company.com,9,Marketing Specialist
276,Smith,Michael,EXT573,Michael.Smith@company.com,188,Marketing Specialist
277,Williams,John,EXT816,John.Williams@company.com,584,Engineer
278,Smith,John,EXT317,John.Smith@company.com,861,HR Coordinator
279,Smith,Robert,EXT671,Robert.Smith@company.com,493,Sales Manager
280,Brown,Robert,EXT708,Robert.Brown@company.com,499,Engineer
281,Davis,David,EXT861,David.Davis@company.com,852,Accountant
282,Williams,William,EXT130,William.Williams@company.com,255,Sales Manager
283,Jones,Robert,EXT635,Robert.Jones@company.com,834,Engineer
284,Davis,Robert,EXT833,Robert.Davis@company.com,844,HR Coordinator
285,Davis,John,EXT995,John.Davis@company.com,623,Marketing Specialist
286,Williams,John,EXT238,John.Williams@company.com,236,HR Coordinator
287,Jones,David,EXT163,David.Jones@company.com,118,Accountant
288,Davis,William,EXT464,William.Davis@company.com,518,Engineer
289,Smith,William,EXT969,William.Smith@company.com,668,Engineer
290,Jones,William,EXT017,William.Jones@company.com,725,Sales Manager
291,Davis,Michael,EXT460,Michael.Davis@company.com,660,HR Coordinator
292,Williams,Robert,EXT414,Robert.Williams@company.com,577,HR Coordinator
293,Jones,John,EXT693,John.Jones@company.com,669,HR Coordinator
294,Davis,John,EXT495,John.Davis@company.com,788,Sales Manager
295,Jones,John,EXT653,John.Jones@company.com,629,HR Coordinator
296,Williams,David,EXT094,David.Williams@company.com,5,Engineer
297,Smith,John,EXT247,John.Smith@company.com,756,HR Coordinator
298,Brown,William,EXT698,William.Brown@company.com,137,HR Coordinator
299,Johnson,John,EXT195,John.Johnson@company.com,194,Accountant
300,Davis,Robert,EXT533,Robert.Davis@company.com,623,Accountant
301,Smith,David,EXT141,David.Smith@company.com,698,Sales Manager
302,Davis,Michael,EXT225,Michael.Davis@company.com,495,HR Coordinator
303,Davis,James,EXT419,James.Davis@company.com,185,Sales Manager
304,Williams,Michael,EXT755,Michael.Williams@company.com,372,Engineer
305,Brown,Robert,EXT331,Robert.Brown@company.com,446,Engineer
306,Davis,John,EXT747,John.Davis@company.com,646,HR Coordinator
307,Williams,David,EXT012,David.Williams@company.com,679,HR Coordinator
308,Davis,Robert,EXT632,Robert.Davis@company.com,755,Engineer
309,Jones,Michael,EXT826,Michael.Jones@company.com,773,Engineer
310,Jones,William,EXT739,William.Jones@company.com,300,Marketing Specialist
311,Davis,William,EXT104,William.Davis@company.com,672,Accountant
312,Jones,David,EXT255,David.Jones@company.com,738,HR Coordinator
313,Jones,John,EXT841,John.Jones@company.com,320,HR Coordinator
314,Johnson,John,EXT239,John.Johnson@company.com,837,Engineer
315,Brown,James,EXT890,James.Brown@company.com,659,Accountant
316,Johnson,Michael,EXT929,Michael.Johnson@company.com,702,Accountant
317,Johnson,John,EXT783,John.Johnson@company.com,148,HR Coordinator
318,Brown,William,EXT525,William.Brown@company.com,653,Engineer
319,Smith,James,EXT152,James.Smith@company.com,901,Engineer
320,Johnson,David,EXT543,David.Johnson@company.com,715,Sales Manager
321,Smith,John,EXT265,John.Smith@company.com,672,Accountant
322,Williams,Michael,EXT455,Michael.Williams@company.com,456,Sales Manager
323,Williams,Robert,EXT922,Robert.Williams@company.com,48,Marketing Specialist
324,Jones,John,EXT213,John.Jones@company.com,698,Accountant
325,Johnson,William,EXT180,William.Johnson@company.com,208,Accountant
326,Williams,James,EXT393,James.Williams@company.com,593,HR Coordinator
327,Brown,John,EXT556,John.Brown@company.com,620,HR Coordinator
328,Smith,David,EXT837,David.Smith@company.com,116,Accountant
329,Smith,John,EXT175,John.Smith@company.com,864,Sales Manager
330,Jones,Robert,EXT800,Robert.Jones@company.com,174,Engineer
331,Johnson,David,EXT447,David.Johnson@company.com,431,Engineer
332,Davis,William,EXT712,William.Davis@company.com,642,Accountant
333,Johnson,Robert,EXT313,Robert.Johnson@company.com,426,Engineer
334,Williams,Michael,EXT607,Michael.Williams@company.com,500,Marketing Specialist
335,Davis,James,EXT017,James.Davis@company.com,939,HR Coordinator
336,Williams,James,EXT733,James.Williams@company.com,235,Accountant
337,Brown,John,EXT203,John.Brown@company.com,66,HR Coordinator
338,Smith,Robert,EXT903,Robert.Smith@company.com,774,Sales Manager
339,Johnson,William,EXT779,William.Johnson@company.com,911,Sales Manager
340,Jones,James,EXT592,James.Jones@company.com,54,Accountant
341,Johnson,Michael,EXT079,Michael.Johnson@company.com,907,Sales Manager
342,Brown,Robert,EXT770,Robert.Brown@company.com,770,Engineer
343,Williams,William,EXT001,William.Williams@company.com,332,Sales Manager
344,Jones,John,EXT536,John.Jones@company.com,310,Marketing Specialist
345,Jones,James,EXT413,James.Jones@company.com,636,Marketing Specialist
346,Jones,William,EXT766,William.Jones@company.com,247,Engineer
347,Smith,Robert,EXT716,Robert.Smith@company.com,449,Sales Manager
348,Smith,William,EXT348,William.Smith@company.com,864,Accountant
349,Williams,James,EXT286,James.Williams@company.com,124,Accountant
350,Williams,Robert,EXT696,Robert.Williams@company.com,766,HR Coordinator
351,Johnson,James,EXT998,James.Johnson@company.com,625,HR Coordinator
352,Davis,David,EXT106,David.Davis@company.com,139,Marketing Specialist
353,Williams,John,EXT826,John.Williams@company.com,260,HR Coordinator
354,Brown,Michael,EXT921,Michael.Brown@company.com,462,Engineer
355,Jones,William,EXT119,William.Jones@company.com,447,Accountant
356,Jones,James,EXT862,James.Jones@company.com,612,Accountant
357,Williams,Michael,EXT287,Michael.Williams@company.com,399,Accountant
358,Johnson,Robert,EXT938,Robert.Johnson@company.com,416,Marketing Specialist
359,Johnson,John,EXT386,John.Johnson@company.com,717,Marketing Specialist
360,Smith,David,EXT196,David.Smith@company.com,953,Engineer
361,Davis,James,EXT660,James.Davis@company.com,210,Marketing Specialist
362,Smith,John,EXT798,John.Smith@company.com,335,Marketing Specialist
363,Brown,Robert,EXT103,Robert.Brown@company.com,479,Accountant
364,Brown,William,EXT923,William.Brown@company.com,24,Accountant
365,Smith,Robert,EXT850,Robert.Smith@company.com,325,HR Coordinator
366,Davis,Robert,EXT041,Robert.Davis@company.com,729,Engineer
367,Williams,William,EXT575,William.Williams@company.com,648,HR Coordinator
368,Johnson,James,EXT596,James.Johnson@company.com,351,Accountant
369,Johnson,Michael,EXT527,Michael.Johnson@company.com,221,Accountant
370,Williams,David,EXT641,David.Williams@company.com,608,Accountant
371,Johnson,Robert,EXT844,Robert.Johnson@company.com,699,HR Coordinator
372,Brown,Michael,EXT573,Michael.Brown@company.com,217,Engineer
373,Jones,Michael,EXT187,Michael.Jones@company.com,378,Marketing Specialist
374,Brown,William,EXT107,William.Brown@company.com,563,HR Coordinator
375,Davis,John,EXT618,John.Davis@company.com,500,Accountant
376,Smith,William,EXT556,William.Smith@company.com,440,Sales Manager
377,Johnson,Robert,EXT970,Robert.Johnson@company.com,73,Sales Manager
378,Brown,James,EXT405,James.Brown@company.com,990,Sales Manager
379,Johnson,William,EXT825,William.Johnson@company.com,300,Engineer
380,Williams,John,EXT016,John.Williams@company.com,101,HR Coordinator
381,Johnson,Michael,EXT427,Michael.Johnson@company.com,140,HR Coordinator
382,Williams,David,EXT964,David.Williams@company.com,175,HR Coordinator
383,Brown,Michael,EXT558,Michael.Brown@company.com,316,Engineer
384,Johnson,William,EXT046,William.Johnson@company.com,396,HR Coordinator
385,Davis,John,EXT975,John.Davis@company.com,632,Sales Manager
386,Brown,William,EXT258,William.Brown@company.com,807,Sales Manager
387,Johnson,Michael,EXT446,Michael.Johnson@company.com,6,Sales Manager
388,Williams,James,EXT010,James.Williams@company.com,118,Sales Manager
389,Brown,John,EXT733,John.Brown@company.com,821,Accountant
390,Smith,Michael,EXT031,Michael.Smith@company.com,657,Engineer
391,Brown,Robert,EXT656,Robert.Brown@company.com,656,Accountant
392,Johnson,John,EXT666,John.Johnson@company.com,301,Sales Manager
393,Brown,Michael,EXT597,Michael.Brown@company.com,365,Engineer
394,Davis,Robert,EXT819,Robert.Davis@company.com,171,Marketing Specialist
395,Williams,Michael,EXT193,Michael.Williams@company.com,204,Sales Manager
396,Smith,James,EXT689,James.Smith@company.com,681,Marketing Specialist
397,Smith,David,EXT710,David.Smith@company.com,78,Marketing Specialist
398,Brown,Robert,EXT013,Robert.Brown@company.com,974,Sales Manager
399,Jones,Robert,EXT187,Robert.Jones@company.com,216,Accountant
400,Jones,Michael,EXT554,Michael.Jones@company.com,264,HR Coordinator
401,Williams,William,EXT629,William.Williams@company.com,581,Marketing Specialist
402,Williams,Robert,EXT296,Robert.Williams@company.com,346,Marketing Specialist
403,Smith,David,EXT087,David.Smith@company.com,696,Sales Manager
404,Williams,Michael,EXT077,Michael.Williams@company.com,475,Accountant
405,Johnson,David,EXT338,David.Johnson@company.com,463,HR Coordinator
406,Brown,John,EXT943,John.Brown@company.com,278,Sales Manager
407,Brown,James,EXT789,James.Brown@company.com,98,HR Coordinator
408,Johnson,Michael,EXT460,Michael.Johnson@company.com,299,Sales Manager
409,Brown,James,EXT167,James.Brown@company.com,478,HR Coordinator
410,Smith,James,EXT983,James.Smith@company.com,181,HR Coordinator
411,Davis,William,EXT614,William.Davis@company.com,599,HR Coordinator
412,Johnson,John,EXT511,John.Johnson@company.com,532,Sales Manager
413,Smith,John,EXT704,John.Smith@company.com,635,Sales Manager
414,Williams,Robert,EXT628,Robert.Williams@company.com,493,Engineer
415,Brown,Robert,EXT837,Robert.Brown@company.com,630,Marketing Specialist
416,Johnson,John,EXT765,John.Johnson@company.com,921,HR Coordinator
417,Davis,Michael,EXT372,Michael.Davis@company.com,228,Marketing Specialist
418,Davis,William,EXT329,William.Davis@company.com,67,Marketing Specialist
419,Davis,Robert,EXT967,Robert.Davis@company.com,724,Sales Manager
420,Johnson,James,EXT198,James.Johnson@company.com,750,Accountant
421,Davis,William,EXT738,William.Davis@company.com,957,Accountant
422,Brown,John,EXT703,John.Brown@company.com,30,Marketing Specialist
423,Smith,David,EXT397,David.Smith@company.com,357,HR Coordinator
424,Smith,John,EXT033,John.Smith@company.com,560,Accountant
425,Smith,John,EXT414,John.Smith@company.com,778,HR Coordinator
426,Jones,James,EXT404,James.Jones@company.com,348,Marketing Specialist
427,Johnson,William,EXT989,William.Johnson@company.com,212,Marketing Specialist
428,Brown,Robert,EXT394,Robert.Brown@company.com,762,Sales Manager
429,Williams,David,EXT564,David.Williams@company.com,525,Accountant
430,Smith,James,EXT589,James.Smith@company.com,237,Engineer
431,Brown,Robert,EXT148,Robert.Brown@company.com,67,HR Coordinator
432,Johnson,William,EXT184,William.Johnson@company.com,77,HR Coordinator
433,Jones,David,EXT618,David.Jones@company.com,227,Accountant
434,Jones,John,EXT650,John.Jones@company.com,629,Engineer
435,Johnson,Robert,EXT820,Robert.Johnson@company.com,184,Marketing Specialist
436,Brown,David,EXT099,David.Brown@company.com,361,Engineer
437,Smith,James,EXT510,James.Smith@company.com,510,Engineer
438,Brown,John,EXT133,John.Brown@company.com,15,HR Coordinator
439,Johnson,Michael,EXT505,Michael.Johnson@company.com,550,HR Coordinator
440,Davis,Michael,EXT185,Michael.Davis@company.com,582,Sales Manager
441,Jones,James,EXT577,James.Jones@company.com,993,Accountant
442,Williams,David,EXT858,David.Williams@company.com,345,Sales Manager
443,Johnson,Michael,EXT370,Michael.Johnson@company.com,667,Marketing Specialist
444,Johnson,Robert,EXT465,Robert.Johnson@company.com,410,Sales Manager
445,Brown,Michael,EXT970,Michael.Brown@company.com,774,Marketing Specialist
446,Davis,Robert,EXT835,Robert.Davis@company.com,992,Marketing Specialist
447,Brown,William,EXT559,William.Brown@company.com,463,Accountant
448,Johnson,David,EXT745,David.Johnson@company.com,394,Engineer
449,Jones,David,EXT821,David.Jones@company.com,11,Marketing Specialist
450,Davis,Robert,EXT577,Robert.Davis@company.com,953,HR Coordinator
451,Smith,Robert,EXT930,Robert.Smith@company.com,111,Sales Manager
452,Williams,James,EXT192,James.Williams@company.com,827,Sales Manager
453,Williams,James,EXT608,James.Williams@company.com,726,Sales Manager
454,Johnson,John,EXT974,John.Johnson@company.com,200,Engineer
455,Williams,James,EXT683,James.Williams@company.com,492,Engineer
456,Johnson,Robert,EXT620,Robert.Johnson@company.com,9,Accountant
457,Brown,William,EXT154,William.Brown@company.com,992,Sales Manager
458,Williams,Michael,EXT915,Michael.Williams@company.com,287,Engineer
459,Williams,Robert,EXT211,Robert.Williams@company.com,382,Sales Manager
460,Smith,Michael,EXT234,Michael.Smith@company.com,787,Marketing Specialist
461,Smith,William,EXT060,William.Smith@company.com,636,Sales Manager
462,Jones,William,EXT742,William.Jones@company.com,890,Engineer
463,Johnson,Michael,EXT956,Michael.Johnson@company.com,363,Engineer
464,Davis,James,EXT750,James.Davis@company.com,961,Engineer
465,Davis,David,EXT709,David.Davis@company.com,409,Accountant
466,Jones,John,EXT430,John.Jones@company.com,487,Accountant
467,Johnson,Robert,EXT947,Robert.Johnson@company.com,650,Engineer
468,Davis,Michael,EXT001,Michael.Davis@company.com,605,Engineer
469,Brown,Robert,EXT779,Robert.Brown@company.com,290,Accountant
470,Johnson,William,EXT035,William.Johnson@company.com,731,Sales Manager
471,Williams,Michael,EXT523,Michael.Williams@company.com,380,HR Coordinator
472,Williams,John,EXT084,John.Williams@company.com,647,HR Coordinator
473,Smith,David,EXT090,David.Smith@company.com,50,HR Coordinator
474,Brown,David,EXT951,David.Brown@company.com,705,HR Coordinator
475,Johnson,John,EXT736,John.Johnson@company.com,898,Accountant
476,Williams,Robert,EXT263,Robert.Williams@company.com,226,HR Coordinator
477,Jones,David,EXT001,David.Jones@company.com,213,Marketing Specialist
478,Davis,John,EXT777,John.Davis@company.com,655,Engineer
479,Smith,Michael,EXT475,Michael.Smith@company.com,822,Engineer
480,Johnson,David,EXT542,David.Johnson@company.com,45,Sales Manager
481,Johnson,William,EXT828,William.Johnson@company.com,884,Engineer
482,Williams,James,EXT418,James.Williams@company.com,696,Engineer
483,Davis,William,EXT373,William.Davis@company.com,154,Sales Manager
484,Jones,Michael,EXT350,Michael.Jones@company.com,71,Marketing Specialist
485,Williams,Michael,EXT647,Michael.Williams@company.com,610,Marketing Specialist
486,Davis,John,EXT826,John.Davis@company.com,628,HR Coordinator
487,Brown,Robert,EXT418,Robert.Brown@company.com,783,Sales Manager
488,Brown,Michael,EXT010,Michael.Brown@company.com,785,Accountant
489,Smith,Michael,EXT652,Michael.Smith@company.com,972,Accountant
490,Williams,William,EXT770,William.Williams@company.com,571,Sales Manager
491,Jones,Michael,EXT843,Michael.Jones@company.com,949,HR Coordinator
492,Williams,David,EXT941,David.Williams@company.com,190,Sales Manager
493,Davis,James,EXT466,James.Davis@company.com,155,Engineer
494,Johnson,William,EXT345,William.Johnson@company.com,264,HR Coordinator
495,Brown,John,EXT853,John.Brown@company.com,955,Marketing Specialist
496,Johnson,John,EXT702,John.Johnson@company.com,722,Engineer
497,Johnson,Robert,EXT656,Robert.Johnson@company.com,401,Sales Manager
498,Jones,David,EXT556,David.Jones@company.com,620,Sales Manager
499,Brown,Robert,EXT360,Robert.Brown@company.com,641,HR Coordinator
500,Brown,John,EXT298,John.Brown@company.com,886,Engineer
501,Davis,John,EXT977,John.Davis@company.com,598,Engineer
502,Johnson,William,EXT871,William.Johnson@company.com,847,Marketing Specialist
503,Brown,William,EXT829,William.Brown@company.com,493,HR Coordinator
504,Brown,James,EXT706,James.Brown@company.com,31,Marketing Specialist
505,Johnson,James,EXT138,James.Johnson@company.com,702,Sales Manager
506,Williams,William,EXT044,William.Williams@company.com,250,Marketing Specialist
507,Jones,David,EXT293,David.Jones@company.com,582,Accountant
508,Davis,Robert,EXT716,Robert.Davis@company.com,816,Marketing Specialist
509,Williams,John,EXT900,John.Williams@company.com,555,Engineer
510,Johnson,Michael,EXT371,Michael.Johnson@company.com,891,Engineer
511,Johnson,John,EXT219,John.Johnson@company.com,369,HR Coordinator
512,Williams,David,EXT133,David.Williams@company.com,104,Engineer
513,Brown,David,EXT405,David.Brown@company.com,33,Sales Manager
514,Williams,William,EXT199,William.Williams@company.com,563,Accountant
515,Johnson,William,EXT134,William.Johnson@company.com,115,HR Coordinator
516,Johnson,Michael,EXT460,Michael.Johnson@company.com,560,HR Coordinator
517,Jones,John,EXT990,John.Jones@company.com,510,HR Coordinator
518,Johnson,William,EXT051,William.Johnson@company.com,101,HR Coordinator
519,Davis,Michael,EXT108,Michael.Davis@company.com,704,Accountant
520,Williams,James,EXT915,James.Williams@company.com,535,HR Coordinator
521,Brown,Michael,EXT918,Michael.Brown@company.com,734,Accountant
522,Davis,William,EXT785,William.Davis@company.com,693,Accountant
523,Williams,Robert,EXT885,Robert.Williams@company.com,648,Accountant
524,Jones,William,EXT872,William.Jones@company.com,974,Marketing Specialist
525,Brown,Michael,EXT776,Michael.Brown@company.com,371,Engineer
526,Davis,Robert,EXT904,Robert.Davis@company.com,657,Sales Manager
527,Brown,John,EXT896,John.Brown@company.com,866,Accountant
528,Johnson,William,EXT469,William.Johnson@company.com,386,Sales Manager
529,Davis,David,EXT708,David.Davis@company.com,330,Sales Manager
530,Jones,William,EXT748,William.Jones@company.com,471,HR Coordinator
531,Jones,Robert,EXT156,Robert.Jones@company.com,783,Sales Manager
532,Brown,John,EXT374,John.Brown@company.com,118,Marketing Specialist
533,Jones,William,EXT207,William.Jones@company.com,189,HR Coordinator
534,Brown,John,EXT497,John.Brown@company.com,747,Engineer
535,Jones,William,EXT296,William.Jones@company.com,393,Engineer
536,Johnson,John,EXT063,John.Johnson@company.com,809,Accountant
537,Smith,Robert,EXT109,Robert.Smith@company.com,508,Sales Manager
538,Jones,James,EXT540,James.Jones@company.com,863,Marketing Specialist
539,Williams,John,EXT350,John.Williams@company.com,895,Marketing Specialist
540,Brown,Michael,EXT037,Michael.Brown@company.com,347,Engineer
541,Davis,Robert,EXT005,Robert.Davis@company.com,193,Marketing Specialist
542,Johnson,Robert,EXT522,Robert.Johnson@company.com,154,Engineer
543,Davis,David,EXT201,David.Davis@company.com,59,Engineer
544,Williams,Robert,EXT034,Robert.Williams@company.com,893,HR Coordinator
545,Smith,Michael,EXT959,Michael.Smith@company.com,449,Sales Manager
546,Smith,David,EXT793,David.Smith@company.com,131,Accountant
547,Johnson,Michael,EXT753,Michael.Johnson@company.com,429,Sales Manager
548,Brown,William,EXT091,William.Brown@company.com,871,HR Coordinator
549,Brown,David,EXT286,David.Brown@company.com,637,Sales Manager
550,Williams,Robert,EXT490,Robert.Williams@company.com,843,HR Coordinator
551,Davis,John,EXT768,John.Davis@company.com,538,Sales Manager
552,Johnson,David,EXT494,David.Johnson@company.com,479,Sales Manager
553,Williams,Robert,EXT094,Robert.Williams@company.com,450,Marketing Specialist
554,Jones,Robert,EXT306,Robert.Jones@company.com,231,Sales Manager
555,Brown,James,EXT859,James.Brown@company.com,448,Sales Manager
556,Smith,David,EXT676,David.Smith@company.com,700,Engineer
557,Brown,David,EXT705,David.Brown@company.com,202,Accountant
558,Johnson,Michael,EXT670,Michael.Johnson@company.com,511,HR Coordinator
559,Davis,Robert,EXT435,Robert.Davis@company.com,226,Engineer
560,Williams,David,EXT387,David.Williams@company.com,712,Engineer
561,Williams,James,EXT074,James.Williams@company.com,80,Sales Manager
562,Davis,John,EXT588,John.Davis@company.com,349,Sales Manager
563,Smith,John,EXT498,John.Smith@company.com,526,Sales Manager
564,Smith,Michael,EXT620,Michael.Smith@company.com,125,Sales Manager
565,Smith,David,EXT279,David.Smith@company.com,498,HR Coordinator
566,Davis,Michael,EXT068,Michael.Davis@company.com,730,Engineer
567,Williams,David,EXT913,David.Williams@company.com,939,Accountant
568,Johnson,William,EXT004,William.Johnson@company.com,831,Engineer
569,Johnson,David,EXT108,David.Johnson@company.com,629,Engineer
570,Smith,Robert,EXT470,Robert.Smith@company.com,985,Engineer
571,Johnson,William,EXT328,William.Johnson@company.com,6,Marketing Specialist
572,Smith,David,EXT748,David.Smith@company.com,673,Engineer
573,Jones,David,EXT690,David.Jones@company.com,256,HR Coordinator
574,Williams,James,EXT608,James.Williams@company.com,452,Engineer
575,Smith,John,EXT989,John.Smith@company.com,956,Sales Manager
576,Jones,Robert,EXT797,Robert.Jones@company.com,35,Sales Manager
577,Jones,William,EXT636,William.Jones@company.com,760,Marketing Specialist
578,Brown,Robert,EXT034,Robert.Brown@company.com,795,Engineer
579,Smith,David,EXT946,David.Smith@company.com,982,Marketing Specialist
580,Williams,John,EXT152,John.Williams@company.com,595,Engineer
581,Johnson,William,EXT257,William.Johnson@company.com,831,Accountant
582,Smith,James,EXT805,James.Smith@company.com,802,Sales Manager
583,Smith,James,EXT026,James.Smith@company.com,924,HR Coordinator
584,Jones,Michael,EXT610,Michael.Jones@company.com,534,Accountant
585,Davis,William,EXT148,William.Davis@company.com,968,Sales Manager
586,Johnson,David,EXT318,David.Johnson@company.com,645,Accountant
587,Williams,James,EXT241,James.Williams@company.com,119,Marketing Specialist
588,Jones,John,EXT037,John.Jones@company.com,480,HR Coordinator
589,Jones,Michael,EXT311,Michael.Jones@company.com,918,Engineer
590,Jones,William,EXT865,William.Jones@company.com,469,HR Coordinator
591,Johnson,David,EXT111,David.Johnson@company.com,111,Marketing Specialist
592,Davis,David,EXT292,David.Davis@company.com,452,Sales Manager
593,Williams,William,EXT157,William.Williams@company.com,505,Marketing Specialist
594,Smith,James,EXT266,James.Smith@company.com,171,Sales Manager
595,Jones,William,EXT195,William.Jones@company.com,712,Sales Manager
596,Johnson,David,EXT003,David.Johnson@company.com,175,Engineer
597,Jones,James,EXT943,James.Jones@company.com,806,Sales Manager
598,Johnson,Robert,EXT801,Robert.Johnson@company.com,249,Accountant
599,Smith,Michael,EXT295,Michael.Smith@company.com,882,HR Coordinator
600,Williams,John,EXT930,John.Williams@company.com,882,Sales Manager
601,Davis,Michael,EXT754,Michael.Davis@company.com,51,Accountant
602,Johnson,Robert,EXT405,Robert.Johnson@company.com,853,HR Coordinator
603,Davis,John,EXT842,John.Davis@company.com,701,Sales Manager
604,Jones,Robert,EXT233,Robert.Jones@company.com,286,Marketing Specialist
605,Smith,Michael,EXT113,Michael.Smith@company.com,355,Sales Manager
606,Johnson,William,EXT661,William.Johnson@company.com,619,HR Coordinator
607,Davis,William,EXT642,William.Davis@company.com,412,Engineer
608,Johnson,Robert,EXT213,Robert.Johnson@company.com,428,Accountant
609,Smith,John,EXT608,John.Smith@company.com,270,Marketing Specialist
610,Williams,James,EXT980,James.Williams@company.com,965,Accountant
611,Brown,Robert,EXT650,Robert.Brown@company.com,662,Engineer
612,Smith,John,EXT907,John.Smith@company.com,710,Accountant
613,Williams,Robert,EXT562,Robert.Williams@company.com,722,Sales Manager
614,Smith,Robert,EXT225,Robert.Smith@company.com,302,Engineer
615,Brown,James,EXT140,James.Brown@company.com,506,Engineer
616,Johnson,Robert,EXT152,Robert.Johnson@company.com,519,HR Coordinator
617,Williams,David,EXT551,David.Williams@company.com,664,Marketing Specialist
618,Brown,Michael,EXT872,Michael.Brown@company.com,598,Engineer
619,Johnson,David,EXT067,David.Johnson@company.com,774,Engineer
620,Jones,Michael,EXT343,Michael.Jones@company.com,954,Marketing Specialist
621,Williams,John,EXT119,John.Williams@company.com,491,Accountant
622,Johnson,John,EXT214,John.Johnson@company.com,159,Accountant
623,Jones,John,EXT791,John.Jones@company.com,545,HR Coordinator
624,Jones,Robert,EXT543,Robert.Jones@company.com,494,HR Coordinator
625,Davis,Michael,EXT355,Michael.Davis@company.com,290,Sales Manager
626,Davis,John,EXT107,John.Davis@company.com,151,Engineer
627,Davis,James,EXT816,James.Davis@company.com,633,Accountant
628,Davis,William,EXT816,William.Davis@company.com,221,HR Coordinator
629,Brown,John,EXT815,John.Brown@company.com,100,Accountant
630,Jones,James,EXT491,James.Jones@company.com,548,Marketing Specialist
631,Davis,John,EXT259,John.Davis@company.com,610,Sales Manager
632,Smith,John,EXT962,John.Smith@company.com,13,Sales Manager
633,Jones,James,EXT233,James.Jones@company.com,941,Marketing Specialist
634,Johnson,Robert,EXT409,Robert.Johnson@company.com,386,Marketing Specialist
635,Williams,James,EXT962,James.Williams@company.com,211,Marketing Specialist
636,Brown,Robert,EXT657,Robert.Brown@company.com,673,Sales Manager
637,Johnson,James,EXT483,James.Johnson@company.com,342,HR Coordinator
638,Williams,Michael,EXT131,Michael.Williams@company.com,535,Marketing Specialist
639,Jones,James,EXT708,James.Jones@company.com,949,HR Coordinator
640,Williams,David,EXT540,David.Williams@company.com,930,HR Coordinator
641,Smith,Michael,EXT156,Michael.Smith@company.com,800,Sales Manager
642,Jones,James,EXT781,James.Jones@company.com,905,Sales Manager
643,Jones,William,EXT984,William.Jones@company.com,590,Engineer
644,Jones,James,EXT416,James.Jones@company.com,879,Sales Manager
645,Jones,Michael,EXT882,Michael.Jones@company.com,203,Sales Manager
646,Johnson,William,EXT903,William.Johnson@company.com,854,Sales Manager
647,Johnson,James,EXT227,James.Johnson@company.com,462,Accountant
648,Williams,Robert,EXT164,Robert.Williams@company.com,106,Accountant
649,Jones,Michael,EXT401,Michael.Jones@company.com,974,Marketing Specialist
650,Johnson,William,EXT956,William.Johnson@company.com,250,Marketing Specialist
651,Davis,David,EXT443,David.Davis@company.com,139,Accountant
652,Johnson,James,EXT173,James.Johnson@company.com,656,HR Coordinator
653,Brown,John,EXT106,John.Brown@company.com,923,Marketing Specialist
654,Jones,William,EXT704,William.Jones@company.com,330,HR Coordinator
655,Smith,William,EXT462,William.Smith@company.com,448,HR Coordinator
656,Johnson,Michael,EXT042,Michael.Johnson@company.com,375,Marketing Specialist
657,Brown,James,EXT307,James.Brown@company.com,195,Sales Manager
658,Williams,William,EXT281,William.Williams@company.com,803,HR Coordinator
659,Jones,Michael,EXT804,Michael.Jones@company.com,560,Accountant
660,Jones,John,EXT352,John.Jones@company.com,703,Sales Manager
661,Williams,Michael,EXT797,Michael.Williams@company.com,836,HR Coordinator
662,Jones,Robert,EXT913,Robert.Jones@company.com,177,Sales Manager
663,Smith,Michael,EXT006,Michael.Smith@company.com,11,Marketing Specialist
664,Williams,John,EXT135,John.Williams@company.com,67,HR Coordinator
665,Davis,Robert,EXT822,Robert.Davis@company.com,350,Sales Manager
666,Jones,Robert,EXT868,Robert.Jones@company.com,75,Accountant
667,Smith,James,EXT460,James.Smith@company.com,355,Marketing Specialist
668,Williams,Robert,EXT654,Robert.Williams@company.com,867,Marketing Specialist
669,Smith,Robert,EXT553,Robert.Smith@company.com,277,Marketing Specialist
670,Jones,Robert,EXT742,Robert.Jones@company.com,643,HR Coordinator
671,Jones,Michael,EXT921,Michael.Jones@company.com,472,Sales Manager
672,Davis,John,EXT322,John.Davis@company.com,759,HR Coordinator
673,Jones,David,EXT287,David.Jones@company.com,459,Engineer
674,Davis,David,EXT030,David.Davis@company.com,773,Engineer
675,Brown,David,EXT411,David.Brown@company.com,537,HR Coordinator
676,Smith,Robert,EXT903,Robert.Smith@company.com,920,Sales Manager
677,Williams,William,EXT584,William.Williams@company.com,671,Sales Manager
678,Williams,David,EXT674,David.Williams@company.com,645,Marketing Specialist
679,Williams,Michael,EXT038,Michael.Williams@company.com,17,HR Coordinator
680,Johnson,David,EXT685,David.Johnson@company.com,850,Marketing Specialist
681,Jones,David,EXT449,David.Jones@company.com,509,Marketing Specialist
682,Smith,Michael,EXT496,Michael.Smith@company.com,241,Marketing Specialist
683,Brown,William,EXT532,William.Brown@company.com,46,HR Coordinator
684,Johnson,Michael,EXT269,Michael.Johnson@company.com,882,Marketing Specialist
685,Johnson,John,EXT212,John.Johnson@company.com,507,HR Coordinator
686,Jones,James,EXT802,James.Jones@company.com,102,Engineer
687,Davis,John,EXT920,John.Davis@company.com,93,Marketing Specialist
688,Johnson,David,EXT346,David.Johnson@company.com,947,Marketing Specialist
689,Davis,David,EXT524,David.Davis@company.com,857,Sales Manager
690,Davis,John,EXT243,John.Davis@company.com,248,Marketing Specialist
691,Davis,Michael,EXT934,Michael.Davis@company.com,318,Sales Manager
692,Smith,William,EXT550,William.Smith@company.com,244,Marketing Specialist
693,Jones,Michael,EXT096,Michael.Jones@company.com,474,Sales Manager
694,Johnson,Michael,EXT204,Michael.Johnson@company.com,692,Sales Manager
695,Smith,John,EXT080,John.Smith@company.com,80,Sales Manager
696,Davis,William,EXT054,William.Davis@company.com,664,Engineer
697,Smith,James,EXT792,James.Smith@company.com,23,Accountant
698,Johnson,Michael,EXT806,Michael.Johnson@company.com,951,Engineer
699,Jones,William,EXT010,William.Jones@company.com,467,Sales Manager
700,Johnson,William,EXT475,William.Johnson@company.com,464,Accountant
701,Brown,David,EXT123,David.Brown@company.com,818,Marketing Specialist
702,Smith,James,EXT052,James.Smith@company.com,181,Sales Manager
703,Johnson,Michael,EXT422,Michael.Johnson@company.com,624,HR Coordinator
704,Johnson,Robert,EXT551,Robert.Johnson@company.com,143,HR Coordinator
705,Jones,William,EXT807,William.Jones@company.com,396,Sales Manager
706,Williams,William,EXT136,William.Williams@company.com,917,Accountant
707,Davis,John,EXT794,John.Davis@company.com,545,Marketing Specialist
708,Williams,Michael,EXT635,Michael.Williams@company.com,533,HR Coordinator
709,Williams,William,EXT958,William.Williams@company.com,295,HR Coordinator
710,Williams,Robert,EXT392,Robert.Williams@company.com,66,Accountant
711,Brown,Michael,EXT369,Michael.Brown@company.com,945,Accountant
712,Brown,David,EXT425,David.Brown@company.com,17,Marketing Specialist
713,Johnson,James,EXT003,James.Johnson@company.com,345,Engineer
714,Smith,William,EXT034,William.Smith@company.com,365,Engineer
715,Johnson,John,EXT991,John.Johnson@company.com,975,Marketing Specialist
716,Davis,David,EXT087,David.Davis@company.com,375,Accountant
717,Johnson,James,EXT917,James.Johnson@company.com,82,Accountant
718,Jones,James,EXT873,James.Jones@company.com,273,Engineer
719,Jones,John,EXT782,John.Jones@company.com,128,Sales Manager
720,Davis,Robert,EXT978,Robert.Davis@company.com,920,Accountant
721,Brown,David,EXT906,David.Brown@company.com,862,Engineer
722,Johnson,John,EXT464,John.Johnson@company.com,165,HR Coordinator
723,Smith,John,EXT717,John.Smith@company.com,538,HR Coordinator
724,Jones,Michael,EXT098,Michael.Jones@company.com,53,Accountant
725,Johnson,John,EXT865,John.Johnson@company.com,874,Marketing Specialist
726,Smith,John,EXT382,John.Smith@company.com,843,Accountant
727,Williams,David,EXT275,David.Williams@company.com,819,Marketing Specialist
728,Smith,James,EXT739,James.Smith@company.com,617,Engineer
729,Williams,John,EXT999,John.Williams@company.com,749,Engineer
730,Smith,James,EXT820,James.Smith@company.com,82,Marketing Specialist
731,Smith,David,EXT288,David.Smith@company.com,62,Sales Manager
732,Jones,Robert,EXT144,Robert.Jones@company.com,884,Engineer
733,Smith,William,EXT928,William.Smith@company.com,828,Sales Manager
734,Smith,William,EXT892,William.Smith@company.com,649,Engineer
735,Williams,Robert,EXT742,Robert.Williams@company.com,977,Engineer
736,Johnson,John,EXT091,John.Johnson@company.com,632,Engineer
737,Johnson,John,EXT104,John.Johnson@company.com,338,Engineer
738,Smith,David,EXT329,David.Smith@company.com,733,Sales Manager
739,Brown,James,EXT669,James.Brown@company.com,532,HR Coordinator
740,Smith,William,EXT385,William.Smith@company.com,151,HR Coordinator
741,Williams,James,EXT703,James.Williams@company.com,865,Sales Manager
742,Smith,James,EXT791,James.Smith@company.com,749,Sales Manager
743,Brown,David,EXT470,David.Brown@company.com,723,Engineer
744,Brown,John,EXT825,John.Brown@company.com,409,Engineer
745,Brown,William,EXT125,William.Brown@company.com,588,HR Coordinator
746,Davis,Michael,EXT982,Michael.Davis@company.com,420,HR Coordinator
747,Brown,Michael,EXT009,Michael.Brown@company.com,846,Marketing Specialist
748,Williams,John,EXT449,John.Williams@company.com,297,HR Coordinator
749,Williams,William,EXT212,William.Williams@company.com,444,Sales Manager
750,Jones,David,EXT085,David.Jones@company.com,916,Marketing Specialist
751,Williams,Robert,EXT900,Robert.Williams@company.com,371,Marketing Specialist
752,Davis,Robert,EXT692,Robert.Davis@company.com,773,Marketing Specialist
753,Jones,Michael,EXT243,Michael.Jones@company.com,414,Sales Manager
754,Davis,David,EXT884,David.Davis@company.com,350,HR Coordinator
755,Williams,David,EXT774,David.Williams@company.com,126,HR Coordinator
756,Johnson,Robert,EXT483,Robert.Johnson@company.com,682,Engineer
757,Jones,James,EXT339,James.Jones@company.com,842,HR Coordinator
758,Williams,John,EXT785,John.Williams@company.com,549,Accountant
759,Williams,William,EXT011,William.Williams@company.com,754,Marketing Specialist
760,Davis,David,EXT615,David.Davis@company.com,296,Accountant
761,Smith,John,EXT167,John.Smith@company.com,910,Engineer
762,Jones,Michael,EXT837,Michael.Jones@company.com,534,Accountant
763,Jones,Robert,EXT715,Robert.Jones@company.com,319,Marketing Specialist
764,Davis,William,EXT712,William.Davis@company.com,682,Engineer
765,Smith,John,EXT088,John.Smith@company.com,28,HR Coordinator
766,Brown,Michael,EXT597,Michael.Brown@company.com,189,Engineer
767,Smith,Robert,EXT193,Robert.Smith@company.com,605,Accountant
768,Jones,Michael,EXT107,Michael.Jones@company.com,289,HR Coordinator
769,Smith,Robert,EXT775,Robert.Smith@company.com,186,Engineer
770,Brown,David,EXT571,David.Brown@company.com,282,HR Coordinator
771,Davis,William,EXT542,William.Davis@company.com,769,Engineer
772,Brown,Robert,EXT128,Robert.Brown@company.com,204,Marketing Specialist
773,Williams,James,EXT871,James.Williams@company.com,371,Accountant
774,Jones,David,EXT800,David.Jones@company.com,385,Engineer
775,Johnson,John,EXT029,John.Johnson@company.com,261,Engineer
776,Davis,David,EXT218,David.Davis@company.com,153,Marketing Specialist
777,Smith,James,EXT818,James.Smith@company.com,609,Marketing Specialist
778,Brown,James,EXT827,James.Brown@company.com,636,Engineer
779,Williams,James,EXT983,James.Williams@company.com,978,HR Coordinator
780,Brown,Robert,EXT039,Robert.Brown@company.com,217,Engineer
781,Smith,William,EXT226,William.Smith@company.com,748,Sales Manager
782,Johnson,John,EXT458,John.Johnson@company.com,324,Accountant
783,Smith,James,EXT456,James.Smith@company.com,287,HR Coordinator
784,Johnson,Robert,EXT375,Robert.Johnson@company.com,632,Sales Manager
785,Davis,David,EXT398,David.Davis@company.com,375,Accountant
786,Smith,James,EXT850,James.Smith@company.com,587,HR Coordinator
787,Williams,James,EXT548,James.Williams@company.com,796,HR Coordinator
788,Brown,John,EXT296,John.Brown@company.com,984,HR Coordinator
789,Williams,William,EXT965,William.Williams@company.com,155,Accountant
790,Smith,Michael,EXT631,Michael.Smith@company.com,415,Marketing Specialist
791,Williams,James,EXT963,James.Williams@company.com,148,Engineer
792,Williams,William,EXT945,William.Williams@company.com,325,Accountant
793,Brown,John,EXT678,John.Brown@company.com,346,Engineer
794,Davis,Robert,EXT328,Robert.Davis@company.com,577,HR Coordinator
795,Williams,Michael,EXT264,Michael.Williams@company.com,831,Accountant
796,Johnson,John,EXT275,John.Johnson@company.com,859,Engineer
797,Brown,John,EXT310,John.Brown@company.com,740,Sales Manager
798,Jones,John,EXT234,John.Jones@company.com,972,Marketing Specialist
799,Jones,Robert,EXT859,Robert.Jones@company.com,872,Engineer
800,Smith,Robert,EXT342,Robert.Smith@company.com,133,HR Coordinator
801,Johnson,James,EXT966,James.Johnson@company.com,444,Marketing Specialist
802,Williams,John,EXT669,John.Williams@company.com,221,Engineer
803,Smith,Robert,EXT305,Robert.Smith@company.com,90,Sales Manager
804,Jones,William,EXT645,William.Jones@company.com,106,HR Coordinator
805,Davis,James,EXT644,James.Davis@company.com,388,Engineer
806,Williams,Robert,EXT216,Robert.Williams@company.com,400,Engineer
807,Smith,William,EXT967,William.Smith@company.com,417,Engineer
808,Brown,Robert,EXT358,Robert.Brown@company.com,826,Marketing Specialist
809,Williams,John,EXT119,John.Williams@company.com,108,Engineer
810,Davis,Robert,EXT973,Robert.Davis@company.com,177,HR Coordinator
811,Davis,David,EXT442,David.Davis@company.com,103,Engineer
812,Johnson,William,EXT375,William.Johnson@company.com,714,Sales Manager
813,Williams,David,EXT966,David.Williams@company.com,423,Marketing Specialist
814,Brown,David,EXT737,David.Brown@company.com,408,HR Coordinator
815,Smith,John,EXT864,John.Smith@company.com,683,Sales Manager
816,Davis,Michael,EXT497,Michael.Davis@company.com,597,Engineer
817,Jones,James,EXT998,James.Jones@company.com,239,Marketing Specialist
818,Davis,John,EXT829,John.Davis@company.com,145,Sales Manager
819,Smith,Robert,EXT007,Robert.Smith@company.com,83,Sales Manager
820,Johnson,William,EXT866,William.Johnson@company.com,663,HR Coordinator
821,Davis,William,EXT168,William.Davis@company.com,22,Marketing Specialist
822,Williams,James,EXT597,James.Williams@company.com,570,HR Coordinator
823,Brown,John,EXT065,John.Brown@company.com,641,Sales Manager
824,Williams,Michael,EXT505,Michael.Williams@company.com,278,Sales Manager
825,Johnson,William,EXT228,William.Johnson@company.com,495,Sales Manager
826,Davis,Robert,EXT283,Robert.Davis@company.com,351,Engineer
827,Davis,Robert,EXT327,Robert.Davis@company.com,641,Marketing Specialist
828,Smith,David,EXT665,David.Smith@company.com,7,Marketing Specialist
829,Jones,Robert,EXT848,Robert.Jones@company.com,690,HR Coordinator
830,Johnson,James,EXT512,James.Johnson@company.com,840,Sales Manager
831,Jones,David,EXT758,David.Jones@company.com,471,Marketing Specialist
832,Smith,David,EXT089,David.Smith@company.com,144,Accountant
833,Davis,Michael,EXT988,Michael.Davis@company.com,582,Engineer
834,Williams,Robert,EXT962,Robert.Williams@company.com,971,Accountant
835,Davis,Robert,EXT349,Robert.Davis@company.com,89,Engineer
836,Brown,William,EXT158,William.Brown@company.com,883,Marketing Specialist
837,Smith,William,EXT172,William.Smith@company.com,541,HR Coordinator
838,Johnson,Michael,EXT066,Michael.Johnson@company.com,537,Engineer
839,Williams,Robert,EXT895,Robert.Williams@company.com,646,Marketing Specialist
840,Davis,James,EXT254,James.Davis@company.com,112,HR Coordinator
841,Davis,John,EXT384,John.Davis@company.com,644,Sales Manager
842,Davis,John,EXT871,John.Davis@company.com,819,Marketing Specialist
843,Williams,David,EXT647,David.Williams@company.com,830,Marketing Specialist
844,Williams,Michael,EXT990,Michael.Williams@company.com,378,Engineer
845,Davis,David,EXT599,David.Davis@company.com,306,Marketing Specialist
846,Jones,John,EXT869,John.Jones@company.com,562,Sales Manager
847,Brown,John,EXT363,John.Brown@company.com,164,Accountant
848,Davis,Michael,EXT926,Michael.Davis@company.com,782,Marketing Specialist
849,Brown,James,EXT663,James.Brown@company.com,580,Engineer
850,Jones,William,EXT416,William.Jones@company.com,521,HR Coordinator
851,Davis,William,EXT507,William.Davis@company.com,969,Accountant
852,Johnson,Robert,EXT035,Robert.Johnson@company.com,492,Engineer
853,Smith,John,EXT379,John.Smith@company.com,817,HR Coordinator
854,Jones,Michael,EXT757,Michael.Jones@company.com,595,Marketing Specialist
855,Williams,Michael,EXT265,Michael.Williams@company.com,194,Sales Manager
856,Williams,James,EXT257,James.Williams@company.com,450,Accountant
857,Williams,David,EXT545,David.Williams@company.com,371,Accountant
858,Williams,William,EXT930,William.Williams@company.com,541,Sales Manager
859,Jones,William,EXT156,William.Jones@company.com,389,Sales Manager
860,Davis,James,EXT928,James.Davis@company.com,587,Accountant
861,Johnson,John,EXT960,John.Johnson@company.com,938,HR Coordinator
862,Johnson,Michael,EXT530,Michael.Johnson@company.com,577,Accountant
863,Jones,Michael,EXT675,Michael.Jones@company.com,63,Accountant
864,Jones,William,EXT950,William.Jones@company.com,69,Marketing Specialist
865,Williams,John,EXT287,John.Williams@company.com,891,Accountant
866,Davis,William,EXT490,William.Davis@company.com,611,HR Coordinator
867,Williams,John,EXT049,John.Williams@company.com,865,Accountant
868,Brown,William,EXT613,William.Brown@company.com,932,Accountant
869,Davis,William,EXT109,William.Davis@company.com,319,HR Coordinator
870,Williams,William,EXT860,William.Williams@company.com,468,Sales Manager
871,Jones,Michael,EXT333,Michael.Jones@company.com,855,Sales Manager
872,Johnson,David,EXT499,David.Johnson@company.com,300,Accountant
873,Jones,David,EXT632,David.Jones@company.com,554,HR Coordinator
874,Williams,Robert,EXT394,Robert.Williams@company.com,191,Marketing Specialist
875,Davis,William,EXT733,William.Davis@company.com,124,Sales Manager
876,Smith,Robert,EXT396,Robert.Smith@company.com,946,Marketing Specialist
877,Williams,William,EXT934,William.Williams@company.com,568,Accountant
878,Jones,James,EXT362,James.Jones@company.com,950,Sales Manager
879,Johnson,James,EXT343,James.Johnson@company.com,511,HR Coordinator
880,Jones,Michael,EXT055,Michael.Jones@company.com,253,Marketing Specialist
881,Williams,James,EXT878,James.Williams@company.com,328,Sales Manager
882,Davis,James,EXT557,James.Davis@company.com,226,Accountant
883,Davis,William,EXT757,William.Davis@company.com,793,Engineer
884,Davis,William,EXT632,William.Davis@company.com,638,HR Coordinator
885,Johnson,William,EXT168,William.Johnson@company.com,609,Sales Manager
886,Johnson,David,EXT904,David.Johnson@company.com,928,Sales Manager
887,Jones,Michael,EXT366,Michael.Jones@company.com,517,Accountant
888,Davis,William,EXT979,William.Davis@company.com,661,Marketing Specialist
889,Jones,Robert,EXT921,Robert.Jones@company.com,73,HR Coordinator
890,Johnson,John,EXT399,John.Johnson@company.com,340,HR Coordinator
891,Smith,William,EXT523,William.Smith@company.com,531,Engineer
892,Brown,David,EXT472,David.Brown@company.com,599,Accountant
893,Davis,Michael,EXT715,Michael.Davis@company.com,368,HR Coordinator
894,Jones,David,EXT283,David.Jones@company.com,504,Sales Manager
895,Williams,David,EXT305,David.Williams@company.com,939,Accountant
896,Davis,Robert,EXT722,Robert.Davis@company.com,585,Sales Manager
897,Williams,Michael,EXT821,Michael.Williams@company.com,916,HR Coordinator
898,Jones,Michael,EXT650,Michael.Jones@company.com,891,Accountant
899,Williams,James,EXT853,James.Williams@company.com,955,Sales Manager
900,Jones,David,EXT106,David.Jones@company.com,618,Accountant
901,Smith,John,EXT706,John.Smith@company.com,321,HR Coordinator
902,Johnson,Michael,EXT925,Michael.Johnson@company.com,934,Marketing Specialist
903,Brown,Robert,EXT169,Robert.Brown@company.com,832,Accountant
904,Johnson,John,EXT340,John.Johnson@company.com,342,HR Coordinator
905,Smith,Robert,EXT431,Robert.Smith@company.com,617,Marketing Specialist
906,Williams,Michael,EXT924,Michael.Williams@company.com,874,Engineer
907,Williams,Michael,EXT008,Michael.Williams@company.com,330,Engineer
908,Davis,James,EXT666,James.Davis@company.com,782,HR Coordinator
909,Brown,William,EXT284,William.Brown@company.com,832,Accountant
910,Williams,Robert,EXT916,Robert.Williams@company.com,219,HR Coordinator
911,Williams,James,EXT229,James.Williams@company.com,403,Marketing Specialist
912,Davis,David,EXT220,David.Davis@company.com,973,HR Coordinator
913,Jones,John,EXT706,John.Jones@company.com,737,Marketing Specialist
914,Williams,William,EXT714,William.Williams@company.com,577,Engineer
915,Davis,John,EXT936,John.Davis@company.com,142,Marketing Specialist
916,Smith,John,EXT080,John.Smith@company.com,78,Sales Manager
917,Johnson,James,EXT776,James.Johnson@company.com,668,Accountant
918,Jones,James,EXT629,James.Jones@company.com,771,Accountant
919,Davis,Robert,EXT409,Robert.Davis@company.com,931,Sales Manager
920,Davis,David,EXT650,David.Davis@company.com,50,HR Coordinator
921,Davis,Robert,EXT974,Robert.Davis@company.com,471,Marketing Specialist
922,Brown,William,EXT264,William.Brown@company.com,607,Engineer
923,Smith,Robert,EXT733,Robert.Smith@company.com,607,HR Coordinator
924,Davis,William,EXT951,William.Davis@company.com,265,Marketing Specialist
925,Brown,William,EXT637,William.Brown@company.com,256,Marketing Specialist
926,Jones,William,EXT883,William.Jones@company.com,288,Accountant
927,Davis,John,EXT809,John.Davis@company.com,187,Engineer
928,Williams,Michael,EXT778,Michael.Williams@company.com,26,Engineer
929,Brown,William,EXT355,William.Brown@company.com,516,Sales Manager
930,Johnson,James,EXT653,James.Johnson@company.com,380,Accountant
931,Davis,William,EXT829,William.Davis@company.com,976,Marketing Specialist
932,Johnson,James,EXT791,James.Johnson@company.com,669,Sales Manager
933,Davis,John,EXT951,John.Davis@company.com,977,Sales Manager
934,Davis,Michael,EXT986,Michael.Davis@company.com,287,Sales Manager
935,Brown,Robert,EXT450,Robert.Brown@company.com,497,HR Coordinator
936,Davis,John,EXT091,John.Davis@company.com,233,Marketing Specialist
937,Brown,David,EXT282,David.Brown@company.com,115,Accountant
938,Williams,David,EXT273,David.Williams@company.com,173,Engineer
939,Williams,James,EXT319,James.Williams@company.com,599,Engineer
940,Johnson,James,EXT078,James.Johnson@company.com,188,Engineer
941,Johnson,David,EXT683,David.Johnson@company.com,927,Marketing Specialist
942,Johnson,Robert,EXT436,Robert.Johnson@company.com,352,Sales Manager
943,Brown,William,EXT417,William.Brown@company.com,398,Sales Manager
944,Davis,John,EXT084,John.Davis@company.com,167,Sales Manager
945,Davis,John,EXT130,John.Davis@company.com,358,HR Coordinator
946,Brown,James,EXT086,James.Brown@company.com,369,HR Coordinator
947,Jones,William,EXT794,William.Jones@company.com,163,Sales Manager
948,Jones,James,EXT583,James.Jones@company.com,297,Marketing Specialist
949,Johnson,James,EXT777,James.Johnson@company.com,493,Engineer
950,Brown,Michael,EXT982,Michael.Brown@company.com,933,Engineer
951,Smith,Robert,EXT398,Robert.Smith@company.com,761,Marketing Specialist
952,Brown,Robert,EXT233,Robert.Brown@company.com,733,HR Coordinator
953,Smith,Michael,EXT441,Michael.Smith@company.com,301,Marketing Specialist
954,Brown,Michael,EXT179,Michael.Brown@company.com,376,Engineer
955,Johnson,Robert,EXT705,Robert.Johnson@company.com,336,Accountant
956,Williams,Michael,EXT732,Michael.Williams@company.com,543,HR Coordinator
957,Williams,William,EXT884,William.Williams@company.com,859,Sales Manager
958,Johnson,David,EXT042,David.Johnson@company.com,516,Accountant
959,Williams,James,EXT168,James.Williams@company.com,322,Marketing Specialist
960,Williams,James,EXT563,James.Williams@company.com,42,Sales Manager
961,Williams,Michael,EXT379,Michael.Williams@company.com,219,Sales Manager
962,Davis,Michael,EXT197,Michael.Davis@company.com,641,HR Coordinator
963,Davis,James,EXT350,James.Davis@company.com,750,Engineer
964,Johnson,David,EXT669,David.Johnson@company.com,349,Marketing Specialist
965,Smith,David,EXT469,David.Smith@company.com,143,Engineer
966,Smith,John,EXT414,John.Smith@company.com,715,Engineer
967,Davis,William,EXT058,William.Davis@company.com,796,Engineer
968,Jones,James,EXT025,James.Jones@company.com,746,HR Coordinator
969,Johnson,William,EXT905,William.Johnson@company.com,850,Engineer
970,Davis,Michael,EXT470,Michael.Davis@company.com,390,Sales Manager
971,Brown,Michael,EXT668,Michael.Brown@company.com,34,Marketing Specialist
972,Williams,David,EXT037,David.Williams@company.com,170,HR Coordinator
973,Brown,Michael,EXT853,Michael.Brown@company.com,665,Sales Manager
974,Brown,Michael,EXT249,Michael.Brown@company.com,862,HR Coordinator
975,Davis,William,EXT754,William.Davis@company.com,150,Engineer
976,Davis,William,EXT227,William.Davis@company.com,302,Engineer
977,Brown,Michael,EXT607,Michael.Brown@company.com,841,Sales Manager
978,Jones,James,EXT014,James.Jones@company.com,927,Sales Manager
979,Williams,John,EXT441,John.Williams@company.com,525,Marketing Specialist
980,Johnson,James,EXT004,James.Johnson@company.com,869,Marketing Specialist
981,Jones,Robert,EXT484,Robert.Jones@company.com,53,Engineer
982,Smith,David,EXT897,David.Smith@company.com,771,Sales Manager
983,Williams,John,EXT595,John.Williams@company.com,857,Engineer
984,Jones,Robert,EXT559,Robert.Jones@company.com,134,Accountant
985,Davis,William,EXT358,William.Davis@company.com,800,HR Coordinator
986,Jones,Robert,EXT531,Robert.Jones@company.com,697,Accountant
987,Johnson,John,EXT234,John.Johnson@company.com,695,HR Coordinator
988,Brown,James,EXT053,James.Brown@company.com,394,Engineer
989,Brown,David,EXT452,David.Brown@company.com,44,HR Coordinator
990,Jones,David,EXT359,David.Jones@company.com,31,Marketing Specialist
991,Smith,John,EXT997,John.Smith@company.com,95,Marketing Specialist
992,Smith,John,EXT322,John.Smith@company.com,809,Marketing Specialist
993,Brown,Michael,EXT632,Michael.Brown@company.com,947,Sales Manager
994,Johnson,Michael,EXT679,Michael.Johnson@company.com,964,HR Coordinator
995,Smith,David,EXT201,David.Smith@company.com,629,HR Coordinator
996,Davis,James,EXT272,James.Davis@company.com,303,Marketing Specialist
997,Jones,Michael,EXT741,Michael.Jones@company.com,228,Accountant
998,Johnson,John,EXT763,John.Johnson@company.com,578,HR Coordinator
999,Smith,William,EXT856,William.Smith@company.com,40,HR Coordinator
1000,Johnson,William,EXT527,William.Johnson@company.com,956,Engineer
